Metric,Value
R2,-0.0063648356438081866
MAE,3.92184753742395
