Feature,Coefficient,Intercept
Price_USD,-0.0020214444507073402,64.85384509944645
