Metric,Value
R2,0.8852167518962588
MAE,0.22168256194483335
